"time","user_id","content"
2024-05-30 05:07:00,18,"Just had the best cup of coffee â˜•ï¸! Whatâ€™s your go-to morning drink?"
2024-04-29 01:13:00,2,"Canâ€™t believe itâ€™s already October! ğŸ‚ Time flies when youâ€™re having fun!"
2024-07-26 08:15:00,17,"Why does every snack taste better after midnight? ğŸ¤” #NightOwl"
2023-10-25 10:25:00,18,"Just finished binge-watching a new seriesâ€”now what? ğŸ“º #NeedMore"
2024-06-03 22:20:00,10,"Remember to take a moment for yourself today. You deserve it! ğŸ’–"
2024-08-16 14:22:00,11,"Trying to find the perfect playlist for a rainy day. Suggestions? ğŸ¶"
2024-05-02 22:32:00,14,"The leaves are changing, and so is my mood! ğŸ #FallVibes"
2024-01-27 22:13:00,19,"Just dropped my phone for the third time today. Why am I like this? ğŸ˜…"
2024-06-27 08:27:00,19,"Can we talk about how amazing pets are? ğŸ¶ğŸ± #LoveMyFurryFriends"
2024-07-13 01:49:00,17,"Sending positive vibes to everyone reading this! âœ¨"
2024-08-19 09:14:00,6,"Just discovered a new hiking trailâ€”nature is so beautiful! ğŸŒ²ğŸï¸"
2024-10-06 23:26:00,1,"Coffee first, adulting second. â˜•ï¸ğŸ’¼ #Priorities"
2024-06-09 14:34:00,15,"Why is it so hard to find matching socks? ğŸ§¦ #StruggleIsReal"
2023-10-10 19:42:00,12,"Canâ€™t stop listening to this one song! ğŸµ #OnRepeat"
2024-02-27 12:16:00,13,"Random acts of kindness make the world a better place. â¤ï¸"
2023-11-15 07:14:00,2,"Celebrating small victories today! Every step counts! ğŸ‰"
2023-10-01 20:13:00,11,"Anyone else have a love-hate relationship with Mondays? ğŸ¤·â€â™‚ï¸"
2023-11-11 20:40:00,19,"Just tried a new recipeâ€”letâ€™s just say it wasnâ€™t a masterpiece! ğŸ˜‚"
2024-01-21 09:32:00,4,"Feeling grateful for the little things today. ğŸŒŸ #Thankful"
2024-05-27 10:51:00,19,"Is it just me, or do snacks taste better when shared? ğŸ¿"
2024-05-26 03:37:00,20,"Celebrating small victories today! Every step counts! ğŸ‰"
2023-11-01 13:54:00,20,"Just finished a great bookâ€”now I need recommendations! ğŸ“š"
2024-02-05 19:10:00,6,"Rainy days are perfect for cozy blankets and hot chocolate! â˜”ï¸ğŸ«"
2024-10-19 17:00:00,10,"Sometimes you just need a break from social media. ğŸŒ #DigitalDetox"
2024-09-01 03:03:00,16,"Whatâ€™s your favorite comfort food? ğŸ #Foodie"
2024-01-05 14:58:00,3,"Just found a hidden gem of a cafe in my neighborhood! â˜•ï¸â¤ï¸"
2023-10-11 22:10:00,20,"Canâ€™t wait for sweater weather! ğŸ§¥ğŸ‚ #FallFashion"
2024-08-03 12:14:00,17,"Woke up feeling inspired! Letâ€™s make today count! âœ¨"
2024-03-24 00:45:00,5,"Trying to master the art of self-careâ€”any tips? ğŸ§–â€â™€ï¸"
2024-07-18 16:18:00,6,"Is there anything better than a good pun? ğŸ¤ª #DadJokes"
2024-10-05 07:49:00,20,"Just hit a personal best on my morning run! ğŸƒâ€â™€ï¸ğŸ’ª #Progress"
2024-01-27 09:31:00,8,"Feeling nostalgic about childhood snacksâ€”anyone remember Dunkaroos? ğŸ˜‹"
2024-03-20 20:12:00,6,"Daydreaming about travelâ€”where should I go next? âœˆï¸ğŸŒ"
2024-06-29 14:25:00,20,"Just got lost in a YouTube rabbit hole... help! ğŸ“¹ #Procrastination"
2024-09-15 21:05:00,15,"Sunshine and good vibesâ€”letâ€™s make today amazing! â˜€ï¸âœ¨"
2024-07-06 05:46:00,5,"Whatâ€™s your go-to motivational quote? I need some inspiration! ğŸ’¬"
2023-10-28 12:30:00,17,"Just had the most interesting conversation with a stranger. ğŸŒ"
2024-02-08 16:56:00,12,"Who else has a playlist for every mood? ğŸ¶ #MusicLover"
2023-11-09 03:02:00,15,"Life is too short to skip dessert! ğŸ° #TreatYourself"
